{
  "Template": {
    "purchase_price": 400000,
    "down_payment": 200000,
    "improvements": 10000,
    "tax_rate": 0.3,
    "equity_5yr": 1000,
    "mortgage_payment": 1265,
    "taxes_monthly": 366.6666667,
    "pmi_monthly": 166.6666667,
    "utilities": 400,
    "maintenance": 100,
    "insurance": 100,
    "misc": 100,
    "total_monthly_payment": 1798.333333,
    "mgmt_fee": 0,
    "cleaning_cost": 75,
    "booking_fee": 0.03,
    "supply_cost": 7,
    "cleaning_revenue": 100,
    "monthly_nights": [31, 28, 31, 30, 31, 30, 31, 31, 30, 31, 30, 31],
    "monthly_adr": [300, 350, 350, 375, 400, 400, 450, 450, 400, 350, 300, 300],
    "monthly_occ": [0.5, 0.8, 0.85, 0.85, 0.9, 1.0, 1.0, 1.0, 1.0, 0.8, 0.75, 0.7],
    "monthly_stays": [8, 8, 8, 8, 8, 11, 11, 11, 10, 8, 8, 8],
    "monthly_revenue": [5450, 8640, 10022.5, 10362.5, 11960, 13100, 15050, 15050, 13000, 9480, 7550, 7310],
    "monthly_variable": [795.5, 891.2, 932.675, 942.875, 990.8, 1262, 1320.5, 1320.5, 1180, 916.4, 858.5, 851.3],
    "monthly_contributions": [4654.5, 7748.8, 9089.825, 9419.625, 10969.2, 11838, 13729.5, 13729.5, 11820, 8563.6, 6691.5, 6458.7],
    "monthly_fixed": [2498.333333, 2498.333333, 2498.333333, 2498.333333, 2498.333333, 2498.333333, 2498.333333, 2498.333333, 2498.333333, 2498.333333, 2498.333333, 2498.333333],
    "monthly_pretax": [2156.166667, 5250.466667, 6591.491667, 6921.291667, 8470.866667, 9339.666667, 11231.16667, 11231.16667, 9321.666667, 6065.266667, 4193.166667, 3960.366667],
    "initial_sunk": 210000,
    "annual_pretax": 84732.75,
    "annual_aftertax": 44262.925,
    "payout_years": 2.478380555,
    "cash_on_cash": 0.4034892857,
    "equity_multiple_5yr": 1.416974405,
    "property_taxes_yearly": 12000,
    "local_fees_yearly": 1000,
    "advertising_yearly": 2000,
    "other_yearly": 50,
    "total_yearly_payment": 15050,
    "strategy": "STR"
  },
  "2701 Grant": {
    "purchase_price": 1100000,
    "down_payment": 101250,
    "improvements": 1,
    "tax_rate": 0.1,
    "equity_5yr": 60000,
    "mortgage_payment": 6232,
    "taxes_monthly": 1145.833333,
    "pmi_monthly": 665.8333333,
    "utilities": 1,
    "maintenance": 1,
    "insurance": 180,
    "misc": 1,
    "total_monthly_payment": 8043.666667,
    "mgmt_fee": 0,
    "cleaning_cost": 0,
    "booking_fee": 0,
    "supply_cost": 0,
    "cleaning_revenue": 0,
    "monthly_nights": [30, 30, 30, 30, 30, 30, 30, 30, 30, 30, 30, 30],
    "monthly_adr": [200, 200, 200, 200, 200, 200, 200, 200, 200, 200, 200, 200],
    "monthly_occ": [1, 1, 1, 1, 1, 1, 1, 1, 1, 1, 1, 1],
    "monthly_stays": [1, 1, 1, 1, 1, 1, 1, 1, 1, 1, 1, 1],
    "monthly_revenue": [6000, 6000, 6000, 6000, 6000, 6000, 6000, 6000, 6000, 6000, 6000, 6000],
    "monthly_variable": [0, 0, 0, 0, 0, 0, 0, 0, 0, 0, 0, 0],
    "monthly_contributions": [6000, 6000, 6000, 6000, 6000, 6000, 6000, 6000, 6000, 6000, 6000, 6000],
    "monthly_fixed": [8226.666667, 8226.666667, 8226.666667, 8226.666667, 8226.666667, 8226.666667, 8226.666667, 8226.666667, 8226.666667, 8226.666667, 8226.666667, 8226.666667],
    "monthly_pretax": [-2226.666667, -2226.666667, -2226.666667, -2226.666667, -2226.666667, -2226.666667, -2226.666667, -2226.666667, -2226.666667, -2226.666667, -2226.666667, -2226.666667],
    "initial_sunk": 101251,
    "annual_pretax": -26720,
    "annual_aftertax": -35048,
    "payout_years": -3.789333832,
    "cash_on_cash": -0.2638986282,
    "equity_multiple_5yr": -0.5949570868,
    "property_taxes_yearly": 11000,
    "local_fees_yearly": 0,
    "advertising_yearly": 0,
    "other_yearly": 0,
    "total_yearly_payment": 11000,
    "strategy": "STR"
  },
  "2319 Ward": {
    "purchase_price": 700000,
    "down_payment": 180250,
    "improvements": 1,
    "tax_rate": 0.01,
    "equity_5yr": 60000,
    "mortgage_payment": 3993,
    "taxes_monthly": 729.1666667,
    "pmi_monthly": 346.5,
    "utilities": 1,
    "maintenance": 1,
    "insurance": 180,
    "misc": 1,
    "total_monthly_payment": 5068.666667,
    "mgmt_fee": 0,
    "cleaning_cost": 0,
    "booking_fee": 0,
    "supply_cost": 0,
    "cleaning_revenue": 0,
    "monthly_nights": [30, 30, 30, 30, 30, 30, 30, 30, 30, 30, 30, 30],
    "monthly_adr": [87, 87, 87, 87, 87, 87, 87, 87, 87, 87, 87, 87],
    "monthly_occ": [1, 1, 1, 1, 1, 1, 1, 1, 1, 1, 1, 1],
    "monthly_stays": [1, 1, 1, 1, 1, 1, 1, 1, 1, 1, 1, 1],
    "monthly_revenue": [2610, 2610, 2610, 2610, 2610, 2610, 2610, 2610, 2610, 2610, 2610, 2610],
    "monthly_variable": [0, 0, 0, 0, 0, 0, 0, 0, 0, 0, 0, 0],
    "monthly_contributions": [2610, 2610, 2610, 2610, 2610, 2610, 2610, 2610, 2610, 2610, 2610, 2610],
    "monthly_fixed": [5251.666667, 5251.666667, 5251.666667, 5251.666667, 5251.666667, 5251.666667, 5251.666667, 5251.666667, 5251.666667, 5251.666667, 5251.666667, 5251.666667],
    "monthly_pretax": [-2641.666667, -2641.666667, -2641.666667, -2641.666667, -2641.666667, -2641.666667, -2641.666667, -2641.666667, -2641.666667, -2641.666667, -2641.666667, -2641.666667],
    "initial_sunk": 180251,
    "annual_pretax": -31700,
    "annual_aftertax": -38383,
    "payout_years": -5.68615142,
    "cash_on_cash": -0.1758658759,
    "equity_multiple_5yr": -0.53766692,
    "property_taxes_yearly": 7000,
    "local_fees_yearly": 0,
    "advertising_yearly": 0,
    "other_yearly": 0,
    "total_yearly_payment": 7000,
    "strategy": "STR"
  },
  "2717 Mabel": {
    "purchase_price": 1100000,
    "down_payment": 110000,
    "improvements": 1,
    "tax_rate": 0.01,
    "equity_5yr": 60000,
    "mortgage_payment": 6738,
    "taxes_monthly": 1145.833333,
    "pmi_monthly": 660,
    "utilities": 1,
    "maintenance": 1,
    "insurance": 180,
    "misc": 1,
    "total_monthly_payment": 8543.833333,
    "mgmt_fee": 0,
    "cleaning_cost": 0,
    "booking_fee": 0,
    "supply_cost": 0,
    "cleaning_revenue": 0,
    "monthly_nights": [30, 30, 30, 30, 30, 30, 30, 30, 30, 30, 30, 30],
    "monthly_adr": [120, 120, 120, 120, 120, 120, 120, 120, 120, 120, 120, 120],
    "monthly_occ": [1, 1, 1, 1, 1, 1, 1, 1, 1, 1, 1, 1],
    "monthly_stays": [1, 1, 1, 1, 1, 1, 1, 1, 1, 1, 1, 1],
    "monthly_revenue": [3600, 3600, 3600, 3600, 3600, 3600, 3600, 3600, 3600, 3600, 3600, 3600],
    "monthly_variable": [0, 0, 0, 0, 0, 0, 0, 0, 0, 0, 0, 0],
    "monthly_contributions": [3600, 3600, 3600, 3600, 3600, 3600, 3600, 3600, 3600, 3600, 3600, 3600],
    "monthly_fixed": [8726.833333, 8726.833333, 8726.833333, 8726.833333, 8726.833333, 8726.833333, 8726.833333, 8726.833333, 8726.833333, 8726.833333, 8726.833333, 8726.833333],
    "monthly_pretax": [-5126.833333, -5126.833333, -5126.833333, -5126.833333, -5126.833333, -5126.833333, -5126.833333, -5126.833333, -5126.833333, -5126.833333, -5126.833333, -5126.833333],
    "initial_sunk": 110001,
    "annual_pretax": -61522,
    "annual_aftertax": -71906.78,
    "payout_years": -1.787994539,
    "cash_on_cash": -0.5592858247,
    "equity_multiple_5yr": -2.223015245,
    "property_taxes_yearly": 11000,
    "local_fees_yearly": 0,
    "advertising_yearly": 0,
    "other_yearly": 0,
    "total_yearly_payment": 11000,
    "strategy": "STR"
  }
}
